Link,Title,Image URL
https://nkiri.com/story-ave-2023-download-hollywood-movie/,Story Ave (2023) | Download Hollywood Movie,https://nkiri.com/wp-content/uploads/2024/02/story-ave-hollywood-movie.jpg
https://nkiri.com/the-beekeeper-2024-download-hollywood-movie/,The Beekeeper (2024) | Download Hollywood Movie,https://nkiri.com/wp-content/uploads/2024/01/the-beekeeper-hollywood-movie.jpg
https://nkiri.com/wwe-royal-rumble-2024-download-wresting-special/,WWE Royal Rumble (2024) | Download Wresting Special,https://nkiri.com/wp-content/uploads/2024/01/royal-rumble-hollywood-movie.jpg
https://nkiri.com/the-underdoggs-2024-download-hollywood-movie/,The Underdoggs (2024) | Download Hollywood Movie,https://nkiri.com/wp-content/uploads/2024/01/the-underdoggs-hollywood-movie.jpg
https://nkiri.com/american-star-2024-download-hollywood-movie/,American Star (2024) | Download Hollywood Movie,https://nkiri.com/wp-content/uploads/2024/01/american-star-hollywood-movie.jpg
https://nkiri.com/dying-in-plain-sight-2024-download-hollywood-movie/,Dying in Plain Sight (2024) | Download Hollywood Movie,https://nkiri.com/wp-content/uploads/2024/01/dying-in-plain-sight-hollywood-movie.jpg
https://nkiri.com/dogman-2023-download-hollywood-movie/,DogMan (2023) | Download Hollywood Movie,https://nkiri.com/wp-content/uploads/2024/01/dogman-hollywood-movie.jpg
https://nkiri.com/night-swim-2024-download-hollywood-movie/,Night Swim (2024) | Download Hollywood Movie,https://nkiri.com/wp-content/uploads/2024/01/night-swim-hollywood-movie.jpg
https://nkiri.com/wish-2023-download-hollywood-movie/,Wish (2023) | Download Hollywood Movie,https://nkiri.com/wp-content/uploads/2024/01/wish-hollywood-movie.jpg
https://nkiri.com/ferrari-2023-download-hollywood-movie/,Ferrari (2023) | Download Hollywood Movie,https://nkiri.com/wp-content/uploads/2024/01/ferarri-hollywood-movie.jpg
https://nkiri.com/migration-2023-download-hollywood-movie/,Migration (2023) | Download Hollywood Movie,https://nkiri.com/wp-content/uploads/2024/01/migration-hollywood-movie.jpg
https://nkiri.com/aquaman-and-the-lost-kingdom-2023-download-hollywood-movie/,Aquaman and the Lost Kingdom (2023) | Download Hollywood Movie,https://nkiri.com/wp-content/uploads/2024/01/aquaman-and-the-lost-kingdom-hollywood-movie-2.jpg
https://nkiri.com/sunrise-2024-download-hollywood-movie/,Sunrise (2024) | Download Hollywood Movie,https://nkiri.com/wp-content/uploads/2024/01/sunrise-hollywood-movie.jpg
https://nkiri.com/saving-bikini-bottom-the-sandy-cheeks-movie-2023-download-hollywood-movie/,Saving Bikini Bottom: The Sandy Cheeks Movie (2024) | Download Hollywood Movie,https://nkiri.com/wp-content/uploads/2024/01/saving-bikini-bottom-hollywood-movie.jpg
https://nkiri.com/wonka-2023-download-hollywood-movie/,Wonka (2023) | Download Hollywood Movie,https://nkiri.com/wp-content/uploads/2024/01/wonka-hollywood-movie.jpg
https://nkiri.com/the-kitchen-2023-download-hollywood-movie/,The Kitchen (2023) | Download Hollywood Movie,https://nkiri.com/wp-content/uploads/2024/01/the-kitchen-hollywood-movie.jpg
https://nkiri.com/bring-him-to-me-2023-download-hollywood-movie/,Bring Him to Me (2023) | Download Hollywood Movie,https://nkiri.com/wp-content/uploads/2024/01/bring-him-to-me-hollywood-movie.jpg
https://nkiri.com/blade-1998-download-hollywood-movie/,Blade (1998) | Download Hollywood Movie,https://nkiri.com/wp-content/uploads/2024/01/blade-hollywood-movie.jpg
https://nkiri.com/blade-ii-2002-download-hollywood-movie/,Blade II (2002) | Download Hollywood Movie,https://nkiri.com/wp-content/uploads/2024/01/blade-ii-hollyowod-movie.jpg
https://nkiri.com/blade-trinity-2004-download-hollywood-movie/,Blade: Trinity (2004) | Download Hollywood Movie,https://nkiri.com/wp-content/uploads/2024/01/blade-trinity-hollywood-movie.jpg
https://nkiri.com/the-color-purple-2023-download-hollywood-movie/,The Color Purple (2023) | Download Hollywood Movie,https://nkiri.com/wp-content/uploads/2024/01/the-color-purple-hollywood-movie.jpg
https://nkiri.com/the-boys-in-the-boat-2023-download-hollywood-movie/,The Boys in the Boat (2023) | Download Hollywood Movie,https://nkiri.com/wp-content/uploads/2024/01/the-boys-in-the-boat-hollywood-movie.jpg
https://nkiri.com/next-goal-wins-2023-download-hollywood-movie/,Next Goal Wins (2023) | Download Hollywood Movie,https://nkiri.com/wp-content/uploads/2024/01/next-goal-wins-hollywood-movie.jpg
https://nkiri.com/good-egg-2023-download-hollywood-movie/,Good Egg (2023) | Download Hollywood Movie,https://nkiri.com/wp-content/uploads/2024/01/good-egg-hollywood-movie.jpg
https://nkiri.com/one-more-shot-2024-download-hollywood-movie/,One More Shot (2024) | Download Hollywood Movie,https://nkiri.com/wp-content/uploads/2024/01/one-more-shot-hollywood-movie.jpg
https://nkiri.com/lift-2024-download-hollywood-movie/,Lift (2024) | Download Hollywood Movie,https://nkiri.com/wp-content/uploads/2024/01/lift-hollywood-movie.jpg
https://nkiri.com/self-reliance-2024-download-hollywood-movie/,Self Reliance (2024) | Download Hollywood Movie,https://nkiri.com/wp-content/uploads/2024/01/self-reliance-hollywood-movie.jpg
https://nkiri.com/the-painter-2023-download-hollywood-movie/,The Painter (2023) | Download Hollywood Movie,https://nkiri.com/wp-content/uploads/2024/01/the-painter-hollywood-movie.jpg
https://nkiri.com/role-play-2023-download-hollywood-movie/,Role Play (2023) | Download Hollywood Movie,https://nkiri.com/wp-content/uploads/2024/01/role-play-hollywood-movie.jpg
https://nkiri.com/waitress-the-musical-2023-download-broadway-live/,Waitress: The Musical (2023) | Download Broadway Live,https://nkiri.com/wp-content/uploads/2024/01/waitress-the-musical-hollywood-movie.jpg
https://nkiri.com/justice-league-crisis-on-infinite-earths-part-one-2023-download-hollywood-movie/,Justice League: Crisis on Infinite Earths Part One (2023) | Download Hollywood Movie,https://nkiri.com/wp-content/uploads/2024/01/justice-leage-hollywood-movie.jpg
https://nkiri.com/napoleon-2023-download-hollywood-movie/,Napoleon (2023) | Download Hollywood Movie,https://nkiri.com/wp-content/uploads/2024/01/napoleon-hollywood-movie.jpg
https://nkiri.com/society-of-the-snow-2023-download-spanish-movie/,Society of the Snow (2023) | Download Spanish Movie,https://nkiri.com/wp-content/uploads/2024/01/society-of-the-snow-spanish-movie.jpg
https://nkiri.com/good-grief-2023-download-hollywood-movie/,Good Grief (2023) | Download Hollywood Movie,https://nkiri.com/wp-content/uploads/2024/01/good-grief-hollywood-movie.jpg
https://nkiri.com/the-bricklayer-2023-download-hollywood-movie/,The Bricklayer (2023) | Download Hollywood Movie,https://nkiri.com/wp-content/uploads/2024/01/the-bricklayer-hollywood-movie.jpg
https://nkiri.com/dangerous-waters-2023-download-hollywood-movie/,Dangerous Waters (2023) | Download Hollywood Movie,https://nkiri.com/wp-content/uploads/2024/01/dangerous-waters-hollywood-movie.jpg
https://nkiri.com/race-for-glory-audi-vs-lancia-2024-download-hollywood-movie/,Race for Glory: Audi vs Lancia (2024) | Download Hollywood Movie,https://nkiri.com/wp-content/uploads/2024/01/race-for-glory-hollywood-movie.jpg
https://nkiri.com/all-dirt-roads-taste-of-salt-2023-download-hollywood-movie/,All Dirt Roads Taste of Salt (2023) | Download Hollywood Movie,https://nkiri.com/wp-content/uploads/2024/01/all-dirt-toads-taste-of-salt-hollywood-movie.jpg
https://nkiri.com/suka-2023-download-hollywood-movie/,Suka (2023) | Download Hollywood Movie,https://nkiri.com/wp-content/uploads/2024/01/suka-hollywood-movie.jpg
https://nkiri.com/arthurs-whiskey-2023-download-hollywood-movie/,Arthur’s Whiskey (2024) | Download Hollywood Movie,https://nkiri.com/wp-content/uploads/2024/01/arthurs-whiskey-hollywood-movie.jpg
https://nkiri.com/eileen-2023-download-hollywood-movie/,Eileen (2023) | Download Hollywood Movie,https://nkiri.com/wp-content/uploads/2024/01/eileen-hollywood-movie.jpg
https://nkiri.com/hunting-games-2023-download-hollywood-movie/,Hunting Games (2023) | Download Hollywood Movie,https://nkiri.com/wp-content/uploads/2024/01/hunting-games-hollywood-movie.jpg
https://nkiri.com/dave-chappelle-the-dreamer-2023-download-standup-special/,Dave Chappelle: The Dreamer (2023) | Download Standup Special,https://nkiri.com/wp-content/uploads/2024/01/the-dreamer-stand-up.jpg
https://nkiri.com/how-to-have-sex-2023-download-hollywood-movie/,How to Have Sex (2023) | Download Hollywood Movie,https://nkiri.com/wp-content/uploads/2023/12/how-to-have-sex-hollywood-movie.jpg
https://nkiri.com/dream-scenario-2023-download-hollywood-movie/,Dream Scenario (2023) | Download Hollywood Movie,https://nkiri.com/wp-content/uploads/2023/12/dream-scenario-hollywood-movie.jpg
https://nkiri.com/breakwater-2023-download-hollywood-movie/,Breakwater (2023) | Download Hollywood Movie,https://nkiri.com/wp-content/uploads/2023/12/breakwater-hollywood-movie.jpg
https://nkiri.com/saltburn-2023-download-hollywood-movie/,Saltburn (2023) | Download Hollywood Movie,https://nkiri.com/wp-content/uploads/2023/12/saltburn-hollywood-movie.jpg
https://nkiri.com/rebel-moon-part-one-a-child-of-fire-2023-download-hollywood-movie/,Rebel Moon – Part One: A Child of Fire (2023) | Download Hollywood Movie,https://nkiri.com/wp-content/uploads/2023/12/rebel-moon-hollywood-movie.jpg
https://nkiri.com/bad-behaviour-2023-download-hollywood-movie/,Bad Behaviour (2023) | Download Hollywood Movie,https://nkiri.com/wp-content/uploads/2023/12/bad-behaviour-hollywood-movie.jpg
https://nkiri.com/maestro-2023-download-hollywood-movie/,Maestro (2023) | Download Hollywood Movie,https://nkiri.com/wp-content/uploads/2023/12/maestro-hollywood-movie.jpg
https://nkiri.com/our-son-2023-download-hollywood-movie/,Our Son (2023) | Download Hollywood Movie,https://nkiri.com/wp-content/uploads/2023/12/oour-son-hollywood-movie.jpg
https://nkiri.com/thanksgiving-2023-download-hollywood-movie/,Thanksgiving (2023) | Download Hollywood Movie,https://nkiri.com/wp-content/uploads/2023/12/thanksgiving-hollywood-movie.jpg
https://nkiri.com/silent-night-2023-download-hollywood-movie/,Silent Night (2023) | Download Hollywood Movie,https://nkiri.com/wp-content/uploads/2023/12/silent-night-hollywood-movie.jpg
https://nkiri.com/chicken-run-dawn-of-the-chicken-2023-download-hollywood-movie/,Chicken Run: Dawn of the Chicken (2023) | Download Hollywood Movie,https://nkiri.com/wp-content/uploads/2023/12/chicken-run-hollywood-movie.jpg
https://nkiri.com/finestkind-2023-download-hollywood-movie/,Finestkind (2023) | Download Hollywood Movie,https://nkiri.com/wp-content/uploads/2023/12/finestkind-hollywood-movie.jpg
https://nkiri.com/priscilla-2023-download-hollywood-movie/,Priscilla (2023) | Download Hollywood Movie,https://nkiri.com/wp-content/uploads/2023/12/priscilla-hollywood-movie.jpg
https://nkiri.com/the-family-plan-2023-download-hollywood-movie/,The Family Plan (2023) | Download Hollywood Movie,https://nkiri.com/wp-content/uploads/2023/12/the-family-plan-hollywood-movie.jpg
https://nkiri.com/mr-monks-last-case-a-monk-movie-2023-download-hollywood-movie/,Mr. Monk’s Last Case: A Monk Movie (2023) | Download Hollywood Movie,https://nkiri.com/wp-content/uploads/2023/12/mr-monks-last-case-a-monk-movie-hollywood-movie.jpg
https://nkiri.com/cat-person-2023-download-hollywood-movie/,Cat Person (2023) | Download Hollywood Movie,https://nkiri.com/wp-content/uploads/2023/12/download-cat-person-hollywood-movie.jpg
https://nkiri.com/silver-and-the-book-of-dreams-2023-download-hollywood-movie/,Silver and the Book of Dreams (2023) | Download Hollywood Movie,https://nkiri.com/wp-content/uploads/2023/12/silver-and-the-book-of-dreams-hollywood-movie.jpg
https://nkiri.com/journey-to-bethlehem-2023-download-hollywood-movie/,Journey to Bethlehem (2023) | Download Hollywood Movie,https://nkiri.com/wp-content/uploads/2023/12/journey-to-bethlehem-hollywood-movie.jpg
https://nkiri.com/gods-petting-you-2023-download-hollywood-movie/,God’s Petting You (2023) | Download Hollywood Movie,https://nkiri.com/wp-content/uploads/2023/12/gods-petting-you-hollywood-movie.jpg
https://nkiri.com/diary-of-a-wimpy-kid-christmas-fever-2023-download-hollywood-movie/,Diary of a Wimpy Kid Christmas Fever (2023) | Download Hollywood Movie,https://nkiri.com/wp-content/uploads/2023/12/diary-of-a-wimpy-kid-christmas-fever-hollywood-movie.jpg
https://nkiri.com/all-souls-2023-download-hollywood-movie/,All Souls (2023) | Download Hollywood Movie,https://nkiri.com/wp-content/uploads/2023/12/all-souls-hollywood-movie.jpg
https://nkiri.com/the-marvels-2023-download-hollywood-movie/,The Marvels (2023) | Download Hollywood Movie,https://nkiri.com/wp-content/uploads/2023/12/the-marvels-hollywood-movie.jpg
https://nkiri.com/the-hunger-games-the-ballad-of-songbirds-and-snakes-2023-download-hollywood-movie/,The Hunger Games: The Ballad of Songbirds and Snakes (2023) | Download Hollywood Movie,https://nkiri.com/wp-content/uploads/2023/12/the-hunger-games-the-ballad-of-songbirds-and-snakes-hollywood-movie.jpg
https://nkiri.com/fast-charlie-2023-download-hollywood-movie/,Fast Charlie (2023) | Download Hollywood Movie,https://nkiri.com/wp-content/uploads/2023/12/fast-charlie-hollywood-omvie.jpg
https://nkiri.com/leave-the-world-2023-download-hollywood-movie/,Leave the World (2023) | Download Hollywood Movie,https://nkiri.com/wp-content/uploads/2023/12/leave-the-world-behind-hollywood-movie.jpg
https://nkiri.com/merry-little-batman-2023-download-hollywood-movie/,Merry Little Batman (2023) | Download Hollywood Movie,https://nkiri.com/wp-content/uploads/2023/12/merry-little-batman-hollywood-movie.jpg
https://nkiri.com/lady-ballers-2023-download-hollywood-movie/,Lady Ballers (2023) | Download Hollywood Movie,https://nkiri.com/wp-content/uploads/2023/12/lady-ballers-hollywood-movie.jpg
https://nkiri.com/killers-of-the-flower-moon-2023-download-hollywood-movie/,Killers of the Flower Moon (2023) | Download Hollywood Movie,https://nkiri.com/wp-content/uploads/2023/12/killers-of-the-flower-moon-hollywood-movie.jpg
https://nkiri.com/scrapper-2023-download-hollywood-movie/,Scrapper (2023) | Download Hollywood Movie,https://nkiri.com/wp-content/uploads/2023/12/scrapper-hollywood-movie.jpg
https://nkiri.com/catch-me-if-you-claus-2023-download-hollywood-movie/,Catch Me If You Claus (2023) | Download Hollywood Movie,https://nkiri.com/wp-content/uploads/2023/12/IMG_0008.jpeg
https://nkiri.com/may-december-2023-download-hollywood-movie/,May December (2023) | Download Hollywood Movie,https://nkiri.com/wp-content/uploads/2023/12/IMG_0007.jpeg
https://nkiri.com/the-shepherd-2023-download-hollywood-short-movie/,The Shepherd (2023) | Download Hollywood Short Movie,https://nkiri.com/wp-content/uploads/2023/12/IMG_0006-scaled.jpeg
https://nkiri.com/how-the-grinch-stole-christmas-2023-download-hollywood-movie/,How the Grinch Stole Christmas (2023) | Download Hollywood Movie,https://nkiri.com/wp-content/uploads/2023/12/how-the-gringo-stoe-christmas-hollywood-movie.jpg
https://nkiri.com/its-a-wonderful-knife-2023-download-hollywood-movie/,It’s a Wonderful Knife (2023) | Download Hollywood Movie,https://nkiri.com/wp-content/uploads/2023/12/its-a-wonderful-knife-hollywood-movie.jpg
https://nkiri.com/candy-cane-lane-2023-download-hollywood-movie/,Candy Cane Lane (2023) | Download Hollywood Movie,https://nkiri.com/wp-content/uploads/2023/12/candy-cane-lane-hollywood-movie.jpg
https://nkiri.com/family-switch-2023-download-hollywood-movie/,Family Switch (2023) | Download Hollywood Movie,https://nkiri.com/wp-content/uploads/2023/11/family-switch-hollywood-movie.jpg
https://nkiri.com/kane-2023-download-hollywood-movie/,Kane (2023) | Download Hollywood Movie,https://nkiri.com/wp-content/uploads/2023/11/kane-hollywood-movie.jpg
https://nkiri.com/what-happens-later-2023-download-hollywood-movie/,What Happens Later (2023) | Download Hollywood Movie,https://nkiri.com/wp-content/uploads/2023/11/what-happens-later-hollywood-movie.jpg
https://nkiri.com/in-the-land-of-saints-and-sinners-2023-download-hollywood-movie/,In the Land of Saints and Sinners (2023) | Download Hollywood Movie,https://nkiri.com/wp-content/uploads/2023/11/in-the-land-of-saints-and-sinners-hollywood-movie.jpg
https://nkiri.com/freelance-2023-download-hollywood-movie/,Freelance (2023) | Download Hollywood Movie,https://nkiri.com/wp-content/uploads/2023/11/freelance-hollywood-movie.jpg
https://nkiri.com/the-holdovers-2023-download-hollywood-movie/,The Holdovers (2023) | Download Hollywood Movie,https://nkiri.com/wp-content/uploads/2023/11/the-holdover-hollywood-movie.jpg
https://nkiri.com/wwe-survivor-series-wargames-2023-download-wresting-special/,WWE Survivor Series WarGames (2023) | Download Wresting Special,https://nkiri.com/wp-content/uploads/2023/11/survivor-series-wwe.jpg
https://nkiri.com/the-naughty-nine-2023-download-hollywood-movie/,The Naughty Nine (2023) | Download Hollywood Movie,https://nkiri.com/wp-content/uploads/2023/11/the-naughty-nine-hollywood-movie.jpg
https://nkiri.com/genie-2023-download-hollywood-movie/,Genie (2023) | Download Hollywood Movie,https://nkiri.com/wp-content/uploads/2023/11/genie-hollywood-movie.jpg
https://nkiri.com/good-burger-2-2023-download-hollywood-movie/,Good Burger 2 (2023) | Download Hollywood Movie,https://nkiri.com/wp-content/uploads/2023/11/good-burger-2-hollywood-movie.jpg
https://nkiri.com/zombie-town-2023-download-hollywood-movie/,Zombie Town (2023) | Download Hollywood Movie,https://nkiri.com/wp-content/uploads/2023/11/zombie-town-hollywood-movie.jpg
https://nkiri.com/leo-2023-download-hollywood-movie/,Leo (2023) | Download Hollywood Movie,https://nkiri.com/wp-content/uploads/2023/11/leo-hollywood-movie.jpg
